years,LA mean,AFR mean
0,0.25475,0.21575
5,0.40425,0.21975
10,0.574,0.294
15,0.573,0.2725
20,0.58575,0.25525
